{
    "6.0": [
        -0.347133003549446, 2.14533787542855, 1.71961565676082, 0.699573899091273,
        -0.77040815990828, 0.0852664105148347, -0.475488172239959,
        0.30215263847523, 1.82976422065082, -0.2213024416252, 0.0379433849390279,
        0.831720722057357, 2.06684681029202, 1.37037643693169, -1.30550999475834,
        -4.65236220705632, -1.74346964239479, -1.03440365340278, 2.44448119500267,
        0.633776986778971, 0.00915578652641497, 0.100198215604231,
        0.118345436525946, 0.0292647439845483, -0.0102033476108736
    ],
    "11.0": [
        -0.362633590963511, 2.45247040119179, 2.02132927632939, 0.834109333822398,
        0.0185286495705359, -1.35690975012108, 0.990918200187795,
        -2.22637474453975, -0.157524163421654, 0.695859937190183,
        0.209302481772378, 0.804896240237045, -0.0675054238346873,
        -0.819443554145751, 0.631518017653251, -1.13089485466293,
        8.11098772462962, -0.156793958965444, 0.556430380977249,
        0.590490900287246, -0.0153482766397947, 0.117064170549393,
        0.182373201839287, 0.0381588395278908, -0.00865703571476869
    ],
    "0.0": [
        -1.83928270325209, -1.71864861224672, 0.262602606298573,
        0.440701791797089, 0.0573480171651394, 0.143703402380229,
        0.471567438305808, 0.219527250706901, -0.137566132058931,
        -0.583806577896424, 0.165578494569397, 0.187057959272579,
        0.089241531663307, -0.212045764266221, 0.0662714893556377,
        -0.0620144012287652, 0.0194008004496378, -0.0858811424592923,
        -0.0208416315186472, 0.0235562346140777, 0.00561663875540682,
        0.0399706705613704, 0.426413091625394, 0.000318992697354229,
        -0.00109458823292691
    ],
    "3.0": [
        -1.3898260372549, -1.0458767233777, 0.194087593004804, 0.259396781201215,
        0.01982976973378, -0.00751273157697167, 0.0919012690370567,
        0.0551971155628317, -0.00770792908362616, -0.0852892108157336,
        0.0208524335030184, 0.0267660404928218, 0.0160337141273176,
        -0.0418635544044419, 0.0241248827877665, -0.00212608743769342,
        -0.00650045971196781, 0.0142170955924097, -0.00328191809934404,
        -0.00361236037792354, -0.00123973009755918, -0.0120053494462487,
        -0.980896782337669, 0.0279078805539098, -0.0113232296275632
    ],
    "5.0": [
        -1.29659568847679, -0.926749118269995, 0.0635179065246721,
        0.111828511478839, 0.0789777779824525, -0.185778414341183,
        -0.488813656465559, -0.141257187802656, 0.249978202873129,
        0.864047396577378, -0.26098243710412, -0.253382870716563,
        -0.101312122952599, 0.307418533551478, -0.0563025223174098,
        0.0764378001585427, -0.00875966770178395, 0.130668347663886,
        -0.0290377964403195, 0.00484774805215901, 0.0060275887896158,
        0.0235843579728935, -0.424136332146184, 0.0200248018033589,
        -0.00934877748161625
    ],
    "14.0": [
        -1.06039037668344, -0.562679033986218, -0.129611250861367,
        -0.145215690023987, 0.138494394941317, -0.531673880105082,
        -1.56224145504606, -0.535877047104229, 0.746973806237747,
        2.65806847804823, -0.795782837195566, -0.80730121839329,
        -0.329174798065388, 0.961960530915094, -0.207950777281709,
        0.239786986944559, -0.0286207307354112, 0.368019233756466,
        -0.0657626876379978, 0.0153169162449445, 0.0182004224880131,
        0.0829920977917553, 0.460092964420677, 0.00744505079398238,
        -0.00673906707301146
    ],
    "9.0": [
        -0.210129912694636, 1.02935133408611, -0.394907666830074,
        -0.891249402351961, 1.59649456071595, -0.605223787213765,
        -3.21005572692118, 0.727347206070491, -1.66648267645386,
        -1.22246899908041, 0.0704206270078066, 2.67361290552621,
        -0.152907128675981, 0.676198322805283, 0.0820037456405684,
        0.188154428191711, 0.2444006065416, 0.375239451770329, 0.18857873933124,
        -0.831193275639173, 0.0309772838931048, 0.12976973541869,
        0.0941593986295773, 0.0234331887572391, -0.0135717448705085
    ],
    "2.0": [
        2.40708852866663, -0.529045296983985, 0.150447892530324,
        0.150560751585591, 0.0172057837701331, -0.0222453728539398,
        -0.0132919316873015, 0.00397502046432652, 0.00496554109086451,
        0.00693019041943766, 0.0238666599057438, 0.00100476713802027,
        0.00285933872729127, -0.0186437989801216, 0.0246800165086199,
        -0.000671678628577398, -0.00682578232420896, 0.00471526478216129,
        0.0078027146548253, -0.0326039249319218, -0.060751924492434,
        -1.64637537300738, 0.0358564054046098, -0.598948522779939,
        -0.0170984373731973
    ],
    "8.0": [
        3.601943874037, -1.06652967388222, 0.28788333573045, 0.369270933774683,
        0.064798276030514, 0.0163877818019544, 0.106436916242658,
        0.0710794566293069, 0.0180852355832646, -0.0105620305330469,
        -0.0180215646324755, 0.00114702946890533, 0.00873875735650429,
        0.0129739367058778, 0.0106800943227903, 0.0051132921786457,
        0.00276983421335267, 0.0394365522328993, -0.0314639537696688,
        0.0472151560272124, 0.0583827988836037, 1.39673137569144,
        -0.0114915127033795, 0.0676699208048344, -0.000289364083842727
    ],
    "17.0": [
        3.18444382074225, -0.858561455801732, 0.238531013560113, 0.28275548307102,
        0.0433915491741066, 0.00846659760611954, 0.0520394426341204,
        0.0363935975201824, 0.0101437907012328, -0.00236126610017668,
        0.00854717629863366, -0.000236462239900848, 0.00627373349320253,
        -0.00718532405663535, 0.0244437591249158, 0.00259817889559981,
        -0.00407605843379504, 0.0295377262460572, -0.00876167331530998,
        -0.00103422056152328, -0.0274537804036113, -0.864237012495514,
        0.0829775356404426, 0.921001436428764, 0.00781789967454533
    ],
    "7.0": [
        -0.650419736169321, 2.90575964038196, 3.25659624297362, 1.88862051775921,
        -1.13981097641586, -0.594663435658797, 0.623384144371444,
        -0.559826558396848, -0.276499692879544, -0.861735110247339,
        -0.162061156444008, -0.394594109618221, -0.316992208078097,
        -0.016227566263043, 0.289910558556459, 1.49371052607648,
        -1.15299505011041, 4.46976242395795, 1.19893828116242, 0.142321158761936,
        0.012651863466534, 0.0498717525045, 0.0485745513313943,
        -0.0021473394547289, -0.00180476744481263
    ],
    "4.0": [
        -0.189529867258486, 1.47397046005781, -2.8175989301025, 1.85815401923327,
        0.0126189359647885, -0.505296015467242, -0.781283360438637,
        0.0114870898342396, 0.409757753314846, 0.891477424569575,
        3.01189303311307, 0.144829592263966, 0.795446466112568, -3.62186174355864,
        -5.32630819424059, 0.943497103818845, 0.0184619924306273,
        0.407969327233784, -0.0956581368807657, 0.086495803749568,
        -0.587462961529227, 0.12387369929373, 0.0799503933729121,
        0.0203487837410292, -0.011976149002878
    ],
    "15.0": [
        -0.443689275285635, 0.144556529424942, -0.419719334372478,
        -0.597559643438454, -0.238509709660319, 0.448781787971667,
        0.666006787319941, -0.208387592069287, -0.284479554339303,
        -0.520646590887783, 0.000303781116467107, -0.131304346342529,
        -0.159719858172925, 0.406676534606193, -0.311050160194816,
        0.0467307784207993, 0.000465439218951149, 0.17175815485055,
        -0.0399466412824769, 0.0413879846340301, 0.0130680239077142,
        -0.0591959039656475, 0.163672061508294, -0.0311697463882079,
        -0.00731020370779203
    ],